{
  "file1": "signatures/s1/voice_profile_s1.npz",
  "file2": "test/s1/voice_sig.npz",
  "global_similarity": 0.8281912922859191,
  "per_phoneme_similarities": {
    "UW1": 0.8790029883384705,
    "EH1": 0.8251594305038452,
    "B": 0.9136334657669067,
    "AW1": 0.9034440517425537,
    "F": 0.9116671085357666,
    "N": 0.9056689143180847,
    "IH1": 0.918615996837616,
    "AE1": 0.35014522075653076,
    "L": 0.8320885300636292,
    "T": 0.8424872159957886
  },
  "phonemes_only_in_file1": [
    "G",
    "D",
    "HH",
    "CH",
    "DH",
    "AA1",
    "AH0",
    "P",
    "K",
    "R",
    "AH1",
    "V",
    "OW0",
    "AY1",
    "OW1",
    "AO1",
    "TH",
    "S",
    "Y",
    "M",
    "IH0",
    "W",
    "JH",
    "Z",
    "EY1",
    "IY1"
  ],
  "phonemes_only_in_file2": []
}